PDB_ID,CHAIN_ID
1a0n,B
1aap,A
1aq1,A
1ark,A
1avz,C
1azg,B
1b38,A
1b39,A
1bik,A
1bj4,A
1bm7,A
1bm7,B
1bmz,A
1bmz,B
1brc,I
1buh,A
1bz8,A
1bz8,B
1bzd,A
1bzd,B
1bze,A
1bze,B
1ca0,D
1ckp,A
1cm8,A
1cm8,B
1cr8,A
1cs9,A
1di8,A
1dl6,A
1dm2,A
1dvq,A
1dvq,B
1dvs,A
1dvs,B
1dvt,A
1dvt,B
1dvu,A
1dvu,B
1dvx,A
1dvx,B
1dvy,A
1dvy,B
1dvz,A
1dvz,B
1e1v,A
1e1x,A
1e3f,A
1e3f,B
1e4h,A
1e4h,B
1e5a,A
1e5a,B
1e6f,A
1e9h,A
1e9h,C
1efn,A
1efn,C
1ekg,A
1eta,1
1eta,2
1etb,1
1etb,2
1f3m,C
1f3m,D
1f41,A
1f41,B
1f5q,A
1f86,A
1f86,B
1f8a,B
1fh2,A
1fh2,B
1fhn,A
1fhn,B
1fin,A
1fin,C
1fmk,A
1fq1,B
1fvt,A
1fvv,A
1fvv,C
1fxl,A
1fyn,A
1g1o,A
1g1o,B
1g1o,C
1g1o,D
1g2e,A
1g5s,A
1g5v,A
1g83,A
1g83,B
1g96,A
1gih,A
1gii,A
1gij,A
1gko,A
1gko,B
1gko,C
1gko,D
1go4,A
1go4,B
1go4,C
1go4,D
1gp0,A
1gp3,A
1gqb,A
1gqb,B
1gy3,A
1gy3,C
1gz8,A
1h00,A
1h01,A
1h07,A
1h08,A
1h0v,A
1h0w,A
1h1p,A
1h1p,C
1h1q,A
1h1q,C
1h1r,A
1h1r,C
1h1s,A
1h1s,C
1h24,A
1h24,C
1h25,C
1h28,A
1h28,C
1h8f,A
1h8f,B
1h92,A
1ha1,A
1hck,A
1hcl,A
1hyr,A
1hyr,B
1i09,A
1i09,B
1ict,A
1ict,B
1ict,C
1ict,D
1ict,E
1ict,F
1ict,G
1ict,H
1ig1,A
1iii,A
1iii,B
1iik,A
1iik,B
1ijn,A
1ijn,B
1j1b,A
1j1b,B
1j1c,A
1j1c,B
1jeq,A
1jey,A
1jkk,A
1jkl,A
1jks,A
1jkt,A
1jkt,B
1jst,C
1jsv,A
1jvp,P
1k3b,C
1kcg,B
1ke5,A
1ke6,A
1ke7,A
1ke8,A
1ke9,A
1kik,A
1ksg,B
1ksh,B
1ksj,B
1ksw,A
1l3k,A
1l8k,A
1l9m,A
1l9m,B
1l9n,A
1l9n,B
1lar,A
1lar,B
1lck,A
1lgp,A
1lgq,A
1lgq,B
1lm7,A
1lm7,B
1lv9,A
1m27,C
1mhn,A
1neb,A
1nud,A
1nud,B
1nuf,A
1nug,A
1nug,B
1nyf,A
1nyg,A
1o5e,L
1o5f,L
1o9a,A
1ogu,A
1ogu,C
1oi9,A
1oi9,C
1oiq,A
1oir,A
1oiu,A
1oiu,C
1oiy,A
1oiy,C
1okv,C
1okw,A
1okw,C
1ol1,A
1ol1,C
1ol2,A
1ol2,C
1p2a,A
1p4f,A
1p57,A
1p5e,A
1p5e,C
1pf8,A
1pgz,A
1pin,A
1pkd,A
1pkd,C
1po6,A
1pw2,A
1pxi,A
1pxj,A
1pxk,A
1pxl,A
1pxm,A
1pxn,A
1pxo,A
1pxp,A
1pye,A
1pyx,A
1pyx,B
1q3d,A
1q3d,B
1q3w,A
1q3w,B
1q41,A
1q41,B
1q4l,A
1q4l,B
1q5k,A
1q5k,B
1qab,A
1qab,B
1qab,C
1qab,D
1qgb,A
1qmz,A
1qmz,C
1qwh,A
1qwh,B
1r0e,A
1r0e,B
1r4c,A
1r4c,C
1r4c,F
1r4c,G
1r4x,A
1r78,A
1rlb,A
1rlb,B
1rlb,C
1rlb,D
1rly,A
1ro4,A
1s2h,A
1s4b,P
1s9c,L
1s9j,A
1shf,A
1shf,B
1sok,A
1sok,B
1soq,A
1soq,B
1soq,C
1soq,D
1t2a,A
1t2a,B
1t2a,C
1t2a,D
1taw,B
1tfi,A
1thc,A
1thc,B
1tlm,A
1tlm,B
1tsh,A
1tsh,B
1tt6,A
1tt6,B
1tta,A
1tta,B
1ttb,A
1ttb,B
1ttc,A
1ttc,B
1ttr,A
1ttr,B
1tyr,A
1tyr,B
1tz8,A
1tz8,B
1tz8,C
1tz8,D
1u1k,A
1u1l,A
1u1m,A
1u1n,A
1u1o,A
1u1p,A
1u1q,A
1u1r,A
1u21,A
1u21,B
1u7t,B
1u7t,C
1u7t,D
1ubd,C
1up1,A
1urc,A
1urw,A
1v1k,A
1vd4,A
1vyw,A
1vyw,C
1vyz,A
1w0x,C
1w8c,A
1w98,A
1wcc,A
1wfq,A
1wmk,A
1wmk,B
1wmk,C
1wmk,D
1wmk,E
1wmk,F
1wmk,G
1wmk,H
1wvw,A
1wvx,A
1wvy,A
1x27,A
1x27,B
1x27,C
1x27,D
1x27,E
1x27,F
1x5t,A
1x67,A
1x6e,A
1x6v,A
1x6v,B
1x7s,A
1x7s,B
1x7t,A
1x7t,B
1x8b,A
1xjq,A
1xjq,B
1xnj,A
1xnj,B
1y1d,A
1y1d,B
1y8q,A
1y8q,C
1y8r,A
1y8r,D
1y8y,A
1y91,A
1y96,D
1yhv,A
1yhw,A
1ykr,A
1yrp,A
1yrp,B
1z2m,A
1z7j,A
1z7j,B
1z8g,A
1z9x,A
1z9x,B
1z9x,C
1zbj,A
1zcr,A
1zcr,B
1zd6,A
1zd6,B
1zd8,A
1zjd,B
1zws,A
1zws,B
1zws,C
1zws,D
1zws,E
1zws,F
1zws,G
1zws,H
1zy8,B
1zy8,C
1zy8,D
1zy8,E
1zy8,F
1zy8,H
1zy8,I
1zy8,J
2a0c,X
2a19,B
2a19,C
2a1a,B
2a27,A
2a27,B
2a27,C
2a27,D
2a27,E
2a27,F
2a27,G
2a27,H
2a2a,A
2a2a,B
2a2a,C
2a2a,D
2a4l,A
2ar7,A
2ar7,B
2b14,A
2b14,B
2b15,A
2b15,B
2b16,A
2b16,B
2b49,A
2b52,A
2b53,A
2b54,A
2b55,A
2b77,A
2b77,B
2b9a,A
2b9a,B
2bbw,A
2bhe,A
2bhh,A
2bkz,A
2bkz,C
2bpm,A
2bpm,C
2btr,A
2bts,A
2bva,A
2bva,B
2bzl,A
2c30,A
2c4g,A
2c4g,C
2c5n,A
2c5o,A
2c5v,A
2c5v,C
2c5x,A
2c5x,C
2c5y,A
2c68,A
2c69,A
2c6i,A
2c6k,A
2c6l,A
2c6m,A
2c6o,A
2c6t,A
2c6t,C
2cch,A
2cch,C
2cci,A
2cci,C
2cg6,A
2cjm,A
2cka,A
2ckc,A
2cke,A
2cke,B
2cke,C
2cke,D
2ckk,A
2cku,A
2clx,A
2cor,A
2cot,A
2ctu,A
2de0,X
2dgq,A
2dj8,A
2djf,C
2djg,C
2dk1,A
2dk6,A
2dl6,A
2ds1,A
2duv,A
2e45,A
2e5k,A
2ed8,A
2emj,A
2en8,A
2eoj,A
2eos,A
2eox,A
2eoz,A
2epb,A
2eq0,A
2eq1,A
2eq3,A
2eq4,A
2eqw,A
2exm,A
2f0x,A
2f0x,B
2f0x,C
2f0x,D
2f0x,E
2f0x,F
2f0x,G
2f0x,H
2f57,A
2f57,B
2f7i,A
2f7i,B
2f8i,A
2f8i,B
2fbr,A
2fbr,B
2fc8,A
2fh7,A
2fim,B
2flm,A
2flm,B
2flu,P
2fnb,A
2fvd,A
2g2k,A
2g3x,A
2g3x,B
2g3z,A
2g3z,B
2g4b,A
2g4e,A
2g4e,B
2g4g,A
2g4g,B
2g5u,A
2g5u,B
2g9k,A
2g9k,B
2g9x,A
2g9x,C
2gab,A
2gab,B
2grc,A
2gu8,A
2h41,A
2h45,A
2h4e,A
2h4e,B
2h4u,A
2h4u,B
2h4u,C
2h4u,D
2h8h,A
2hd5,A
2hda,A
2ho2,A
2hw6,A
2hw6,B
2hy8,1
2i40,A
2i40,C
2i5o,A
2idh,A
2idh,B
2idh,C
2idh,D
2idh,E
2idh,F
2idh,G
2idh,H
2iim,A
2in6,A
2io6,A
2itk,A
2iw6,A
2iw6,C
2iw8,A
2iw8,C
2iw9,A
2iw9,C
2iyk,B
2j0i,A
2j7t,A
2j90,A
2j9m,A
2jam,A
2jam,B
2jav,A
2jc6,A
2jc6,C
2jcc,H
2jgz,A
2jld,A
2jld,B
2jqz,A
2juf,A
2jxw,A
2kr0,A
2kwj,A
2kwk,A
2kwn,A
2kwo,A
2kxq,A
2l8e,A
2la6,A
2laz,A
2lce,A
2lcw,A
2lfe,A
2lk1,A
2lri,C
2lt7,A
2lto,A
2lv2,A
2lvt,A
2lvu,A
2m0d,A
2m0f,A
2m68,A
2m8i,A
2m8j,A
2m9i,A
2m9j,A
2ma7,A
2mdg,A
2mji,A
2mmy,A
2mny,A
2mnz,A
2mo5,A
2mre,B
2mrf,A
2n1o,A
2nbp,A
2nbv,A
2noy,A
2noy,B
2nz2,A
2o13,A
2o23,A
2o23,B
2o36,A
2o5k,A
2oei,A
2ow3,A
2ow3,B
2p55,A
2pab,A
2pab,B
2pmf,A
2puq,T
2pz1,A
2q0n,A
2q5a,A
2q5h,A
2q5i,A
2qel,A
2qel,B
2qel,C
2qel,D
2qfb,A
2qfb,B
2qfb,C
2qfb,D
2qfb,E
2qfb,F
2qfb,G
2qfb,H
2qfb,I
2qfb,J
2qfd,A
2qfd,B
2qfd,C
2qfd,D
2qfd,E
2qfd,F
2qfd,G
2qfd,H
2qfd,I
2qfd,J
2qfj,A
2qfj,B
2qgb,A
2qgb,B
2qgc,A
2qgc,B
2qgd,A
2qgd,B
2qge,A
2qge,B
2qjf,A
2qjf,B
2qme,I
2qyf,A
2qyf,C
2r3f,A
2r3i,A
2r3o,A
2r3p,A
2r3r,A
2r64,A
2rky,A
2rky,C
2rkz,A
2rkz,B
2rkz,C
2rkz,F
2rl0,A
2rl0,B
2rl0,D
2rl0,F
2rl0,I
2rl0,K
2rmj,A
2rox,A
2rox,B
2roy,A
2roy,B
2rv3,A
2src,A
2trh,A
2trh,B
2try,A
2try,B
2up1,A
2uue,A
2uxw,A
2uzb,A
2uzb,C
2uzd,A
2uzd,C
2uze,A
2uzn,A
2uzo,A
2v0d,A
2v0e,A
2v22,A
2v5t,A
2vfx,A
2vfx,B
2vfx,D
2vfx,F
2vfx,G
2vfx,H
2vfx,I
2vfx,J
2vfx,K
2vfx,L
2vn9,A
2vn9,B
2vta,A
2vth,A
2vti,A
2vtj,A
2vtl,A
2vtm,A
2vtn,A
2vto,A
2vtp,A
2vtq,A
2vtr,A
2vts,A
2vtt,A
2vu3,A
2vv9,A
2vz6,A
2vz6,B
2w05,A
2w06,A
2w17,A
2w1h,A
2w4j,A
2w4k,A
2w5a,A
2w5b,A
2w5h,A
2wel,A
2wev,A
2wgh,A
2wgh,B
2whb,A
2wih,A
2wih,C
2wip,A
2wip,C
2wjv,A
2wjv,B
2wjy,A
2wma,A
2wma,C
2wmb,A
2wmb,C
2wpa,A
2wpa,C
2wqa,A
2wqa,B
2wqa,C
2wqa,D
2wqm,A
2wqn,A
2wqo,A
2wtk,B
2wtk,E
2wxv,A
2wxv,C
2x0g,A
2x1n,A
2x7f,B
2x7f,C
2xk3,A
2xk4,A
2xk6,A
2xk7,A
2xk8,A
2xkc,A
2xkd,A
2xke,A
2xkf,A
2xmy,A
2xnb,A
2xnm,A
2xnn,A
2xno,A
2xnp,A
2xp3,A
2xp4,A
2xp5,A
2xp6,A
2xp7,A
2xp8,A
2xp9,A
2xpa,A
2xpb,A
2xuu,A
2xy1,A
2xzs,A
2xzs,B
2y0a,A
2y4p,A
2y4p,C
2y5b,A
2y7j,A
2y7j,B
2y7j,C
2y7j,D
2yak,A
2ykg,A
2yqr,A
2yrg,A
2yrh,A
2ysc,A
2ytb,A
2ytd,A
2ytj,A
2ytn,A
2yto,A
2z2w,A
2z62,A
2z63,A
2z65,A
2z65,B
2z7x,A
2z7x,B
2z80,A
2z80,B
2zqs,A
2zqt,A
2zqu,A
2zqv,A
2zr4,A
2zr5,A
2zr6,A
2zt5,A
2zt6,A
2zt7,A
2zt8,A
2zxf,A
3a4d,A
3a4d,B
3a4e,A
3a4e,B
3a4f,A
3a4f,B
3agl,A
3agl,B
3agm,A
3aih,A
3aih,B
3alo,A
3ama,A
3amb,A
3aqv,A
3b56,A
3b56,B
3b7k,A
3b7k,B
3b7k,C
3b96,A
3bhh,A
3bhh,B
3bhh,C
3bhh,D
3bht,A
3bht,C
3bhu,A
3bhu,C
3bhv,A
3bhv,C
3bhy,A
3bi6,A
3biz,A
3bqr,A
3bs9,A
3bs9,B
3bsz,A
3bsz,B
3bsz,C
3bsz,D
3bt0,A
3bt0,B
3c0g,A
3c0g,B
3c0h,A
3c0h,B
3c0i,A
3cbr,A
3cbr,B
3cfm,A
3cfm,B
3cfn,A
3cfn,B
3cfq,A
3cfq,B
3cft,A
3cft,B
3cn0,A
3cn0,B
3cn1,A
3cn1,B
3cn2,A
3cn2,B
3cn3,A
3cn3,B
3cn4,A
3cn4,B
3coi,A
3cok,B
3com,A
3cqe,A
3cr0,A
3cxf,A
3cxf,B
3d0e,A
3d0e,B
3d2t,A
3d2t,B
3d7p,A
3d7p,B
3ddp,A
3ddp,C
3ddq,A
3ddq,C
3dfc,B
3dgd,A
3dgd,B
3dgd,C
3dgd,D
3did,A
3did,B
3did,C
3did,D
3djr,A
3djr,B
3djs,A
3djs,B
3djt,A
3djt,B
3djz,A
3djz,B
3dk0,A
3dk0,B
3dk2,A
3dk2,B
3do4,A
3do4,B
3do4,C
3do4,D
3do4,E
3do4,F
3do4,G
3do4,H
3dog,A
3dog,C
3du8,A
3du8,B
3dv3,A
3dy7,A
3e1y,E
3e1y,F
3e1y,G
3e1y,H
3e7o,A
3e7o,B
3e87,A
3e87,B
3e88,A
3e88,B
3e8d,A
3e8d,B
3e8n,A
3eh9,A
3eha,A
3eid,A
3eid,C
3ej1,A
3ej1,C
3ejh,A
3ejh,B
3enm,A
3enm,B
3enm,D
3eoc,A
3eoc,C
3eqb,A
3esn,A
3esn,B
3eso,A
3eso,B
3esp,A
3esp,B
3ezr,A
3ezv,A
3f02,C
3f02,D
3f1r,A
3f1r,B
3f5g,A
3f5o,A
3f5o,B
3f5o,C
3f5o,D
3f5o,E
3f5o,F
3f5o,G
3f5o,H
3f5u,A
3f5x,A
3f5x,C
3f7z,A
3f7z,B
3f88,A
3f88,B
3fc8,A
3fc8,B
3fcb,A
3fcb,B
3fhr,A
3fme,A
3fxw,A
3fxz,A
3fy0,A
3fz1,A
3gb2,A
3glz,A
3glz,B
3gmh,A
3gmh,B
3gmh,C
3gmh,D
3gmh,E
3gmh,F
3gmh,G
3gmh,H
3gmh,I
3gmh,J
3gmh,K
3gmh,L
3gps,A
3gps,B
3gps,C
3gps,D
3grb,A
3grb,B
3grb,C
3grb,D
3grg,A
3grg,B
3grg,C
3grg,D
3gs0,A
3gs0,B
3gs4,A
3gs4,B
3gs7,A
3gs7,B
3gu4,A
3gu5,A
3gu6,A
3gu8,A
3gub,A
3gxe,A
3gxe,B
3h0f,A
3h0h,A
3h0i,A
3h0i,B
3h95,A
3hbw,A
3hbw,B
3hi9,A
3hi9,C
3hi9,D
3hj0,A
3hj0,B
3hnc,A
3hnc,B
3hnd,A
3hne,A
3hne,B
3hnf,A
3hnf,B
3i35,A
3i3t,A
3i3t,G
3i4b,A
3i4b,B
3i9a,A
3i9a,B
3i9i,A
3i9i,B
3i9p,A
3i9p,B
3ig7,A
3igg,A
3ihl,A
3imr,A
3imr,B
3ims,A
3ims,B
3imt,A
3imt,B
3imu,A
3imu,B
3imv,A
3imv,B
3imw,A
3imw,B
3ipb,A
3ipb,B
3ipe,A
3ipe,B
3iuf,A
3j7y,3
3j7y,X
3j9m,3
3kab,A
3kad,A
3kaf,A
3kag,A
3kah,A
3kai,A
3kce,A
3kgs,A
3kgs,B
3kgt,A
3kgt,B
3kgu,A
3kgu,B
3kyd,A
3l1s,A
3l1s,B
3l33,E
3l33,F
3l33,G
3l33,H
3l9l,A
3l9m,A
3l9n,A
3le6,A
3lfn,A
3lfq,A
3lfs,A
3lm0,A
3lm5,A
3lrn,A
3lrn,B
3lrr,A
3lrr,B
3m1o,A
3m1o,B
3m1s,A
3m1s,B
3mao,A
3mbl,A
3mfr,A
3mfs,A
3mft,A
3mfu,A
3mhd,D
3mi8,D
3mtn,C
3mvh,A
3mvj,A
3mvj,B
3mvj,E
3my5,A
3my5,C
3n8e,A
3n9u,C
3n9u,I
3nbv,B
3nbw,B
3nca,B
3ncu,A
3ncu,B
3ndp,A
3ndp,B
3nee,A
3nee,B
3neo,A
3neo,B
3nes,A
3nes,B
3nex,A
3nex,B
3ng5,A
3ng5,B
3no8,A
3no8,B
3ns9,A
3ntp,A
3nx8,A
3o96,A
3odk,A
3og8,A
3og8,B
3ol2,B
3oob,A
3oog,A
3orn,A
3os3,A
3ovv,A
3owp,A
3oxt,A
3ozk,A
3ozk,B
3ozl,A
3ozl,B
3p0m,A
3p3r,A
3p3r,B
3p3s,A
3p3s,B
3p3t,A
3p3t,B
3p3u,A
3p3u,B
3p5t,M
3p6y,L
3pj8,A
3pmt,A
3pnw,C
3pnw,F
3pnw,I
3pnw,L
3pnw,O
3pnw,R
3pnw,U
3pnw,X
3poo,A
3pp1,A
3ps8,A
3pup,A
3pup,B
3pxf,A
3pxq,A
3pxr,A
3pxy,A
3pxz,A
3py0,A
3py1,A
3q2t,C
3q2t,D
3q3b,A
3q3b,B
3q52,A
3q53,A
3q92,B
3qa2,B
3qai,B
3qhr,A
3qhr,C
3qhw,A
3qhw,C
3ql8,A
3qo4,A
3qqf,A
3qqg,A
3qqh,A
3qqj,A
3qqk,A
3qql,A
3qrd,C
3qrt,A
3qru,A
3qt2,A
3qt2,B
3qtq,A
3qtr,A
3qts,A
3qtu,A
3qtw,A
3qtx,A
3qtz,A
3qu0,A
3qwj,A
3qwk,A
3qx2,A
3qx4,A
3qxm,A
3qxm,B
3qxo,A
3qxp,A
3qzf,A
3qzg,A
3qzh,A
3qzi,A
3r1n,A
3r1q,A
3r1s,A
3r1y,A
3r28,A
3r66,C
3r66,D
3r6x,A
3r71,A
3r73,A
3r7e,A
3r7i,A
3r7u,A
3r7v,A
3r7y,A
3r83,A
3r8l,A
3r8m,A
3r8p,A
3r8u,A
3r8v,A
3r8z,A
3r9d,A
3r9h,A
3r9n,A
3r9o,A
3rah,A
3rai,A
3rak,A
3ral,A
3rbq,A
3rbq,B
3rbq,C
3rbq,D
3rbq,E
3rbq,F
3rjc,A
3rk5,A
3rk7,A
3rk9,A
3rkb,A
3rm6,A
3rm7,A
3rmf,A
3rni,A
3ro4,B
3roy,A
3rpo,A
3rpr,A
3rpv,A
3rpy,A
3rzb,A
3s00,A
3s0o,A
3s1h,A
3s2p,A
3s4m,A
3s5d,A
3s5e,A
3s5f,A
3s5f,B
3s67,A
3s6w,A
3s98,A
3say,A
3say,B
3sd0,A
3sd0,B
3sdl,C
3sdl,D
3se4,A
3she,A
3soa,A
3sqq,A
3ssg,A
3sva,A
3sw4,A
3sw7,A
3t3j,A
3t3k,A
3t3l,A
3t3t,A
3t3t,C
3t3t,D
3t3x,A
3t3x,B
3t5g,B
3t5i,A
3t5i,B
3t5i,C
3t5i,D
3tac,A
3tc5,A
3tct,A
3tct,B
3tcz,A
3tdb,A
3tfb,A
3tfb,B
3ti1,A
3tiy,A
3tiz,A
3tlp,A
3tlp,B
3tnw,A
3tnw,C
3txo,A
3u2i,A
3u2i,B
3u2j,A
3u2j,B
3u3p,A
3u3q,A
3u3s,A
3u3t,A
3u3v,A
3ua6,A
3ua6,B
3ua7,A
3ua7,B
3ua7,C
3ua7,D
3uiu,A
3uiu,B
3uk3,C
3uk3,D
3ul7,A
3ul8,A
3ul9,A
3ula,A
3ula,C
3uli,A
3unj,A
3unk,A
3uvd,A
3uwt,A
3uys,A
3uys,B
3uys,C
3uys,D
3uyt,A
3uyt,B
3uyt,C
3uyt,D
3uzp,A
3uzp,B
3v01,A
3v04,A
3v6c,A
3v6e,A
3va2,C
3vaf,A
3vaf,B
3vag,A
3vag,B
3vah,A
3vah,B
3vai,A
3vai,B
3vaj,A
3vaj,B
3vak,A
3vak,B
3val,A
3val,B
3val,D
3val,I
3vam,A
3vam,B
3vpp,B
3vqh,A
3vvh,A
3vvh,B
3vvh,C
3vyx,A
3w3b,A
3w3b,B
3wh0,A
3wig,A
3zd6,A
3zdi,A
3zdu,A
3zrk,A
3zrm,A
3zrz,B
3zvz,B
3zxt,A
3zxt,B
3zxt,C
3zxt,D
4a4e,A
4a4f,A
4a4g,A
4a4h,A
4a4x,A
4aaa,A
4abq,A
4abq,B
4abu,A
4abu,B
4abv,A
4abv,B
4abw,A
4abw,B
4ac2,A
4ac2,B
4acm,A
4act,B
4ae2,A
4ae2,B
4ae2,C
4ae6,A
4ae6,B
4ae9,A
4afe,A
4afj,A
4afj,B
4afx,B
4agu,A
4agu,B
4agu,C
4aju,B
4ank,B
4aot,A
4apc,A
4apc,B
4ark,A
4ay2,A
4b4l,A
4b6l,A
4b7t,A
4b7y,D
4b86,D
4b86,K
4b99,A
4b9d,A
4b9d,B
4bbq,A
4bbq,B
4bc6,A
4bck,A
4bck,C
4bcm,A
4bcm,C
4bcn,A
4bcn,C
4bco,A
4bco,C
4bcp,A
4bcp,C
4bcq,A
4bcq,C
4bgh,A
4bpb,A
4bpc,A
4bzd,A
4c57,A
4c57,B
4c58,A
4c59,A
4cdc,C
4cdc,F
4cdc,I
4cdc,L
4cdd,C
4cdd,F
4cde,C
4cde,F
4cdf,C
4cdf,F
4cfm,A
4cfm,C
4cfn,A
4cfn,C
4cfu,A
4cfu,C
4cfv,A
4cfv,C
4cfw,A
4cfw,C
4cfx,A
4cfx,C
4cxa,A
4d1x,A
4d1z,A
4d5n,A
4d7b,A
4d7b,B
4d8d,A
4d8d,C
4d8k,A
4daw,A
4dck,C
4der,A
4der,B
4des,A
4des,B
4det,A
4det,B
4deu,A
4deu,B
4dew,A
4dew,B
4dip,A
4dip,B
4dip,C
4dip,D
4dip,E
4dip,F
4dip,G
4dip,H
4dip,I
4dip,J
4dit,A
4dn5,B
4dyo,A
4e3c,A
4e3c,B
4e3c,C
4e3c,D
4e3c,E
4e3c,F
4ed5,A
4ed5,B
4egl,A
4eik,A
4ek3,A
4ek4,A
4ek5,A
4ek6,A
4ek8,A
4eoi,A
4eoi,C
4eoj,A
4eoj,C
4eok,A
4eok,C
4eol,A
4eol,C
4eom,A
4eom,C
4eon,A
4eon,C
4eoo,A
4eoo,C
4eop,A
4eop,C
4eoq,A
4eoq,C
4eor,A
4eor,C
4eos,A
4eos,C
4eqc,A
4equ,A
4equ,B
4erw,A
4eut,A
4eut,B
4euu,A
4euu,B
4eyj,A
4eym,A
4ez3,A
4ez7,A
4f14,A
4f2j,C
4f4u,B
4f6m,A
4f6n,A
4fi6,A
4fi6,B
4fi7,A
4fi7,B
4fi8,A
4fi8,B
4fie,A
4fie,B
4fif,A
4fif,B
4fig,A
4fig,B
4fih,A
4fii,A
4fij,A
4fkg,A
4fki,A
4fkj,A
4fkl,A
4fko,A
4fkp,A
4fkq,A
4fkr,A
4fks,A
4fkt,A
4fku,A
4fkv,A
4fkw,A
4fx3,A
4fx3,C
4fxv,A
4fxv,B
4fxv,D
4gcj,A
4gdx,B
4gg2,B
4gk1,B
4gk1,E
4goj,C
4goj,D
4gok,C
4gok,G
4gwt,A
4gwv,A
4hgt,A
4hgt,B
4hiq,A
4hiq,B
4his,A
4his,B
4hix,H
4hjs,A
4hjs,B
4hjt,A
4hjt,B
4hju,A
4hju,B
4hnf,A
4hnf,B
4hni,A
4hni,B
4hok,A
4hok,C
4hok,E
4hok,G
4hok,I
4hok,K
4hok,M
4hok,O
4hok,Q
4hok,S
4hok,U
4hok,W
4hxj,A
4hxj,B
4i3z,A
4i3z,C
4i5m,A
4i5p,A
4i6b,A
4i6f,A
4i6h,A
4i85,A
4i85,B
4i87,A
4i87,B
4i89,A
4i89,B
4ic7,D
4ifl,P
4ii5,A
4ii5,C
4iiz,A
4iiz,B
4ik6,A
4ik6,B
4ik7,A
4ik7,B
4iki,A
4iki,B
4ikj,A
4ikj,B
4ikk,A
4ikk,B
4ikl,A
4ikl,B
4ikp,A
4ikp,B
4ikp,C
4ikp,D
4im0,A
4im2,A
4im3,A
4iq6,A
4iq6,B
4is1,C
4is1,D
4iuf,A
4iw0,A
4iwo,A
4iwp,A
4iwq,A
4j1r,A
4j1r,B
4j1r,C
4j1r,D
4j6g,C
4j6g,D
4j6q,A
4j71,A
4j71,B
4jdh,A
4jdi,A
4jdj,A
4jdk,A
4jhp,B
4jv8,B
4jvb,B
4jvf,B
4jxf,A
4k11,A
4kb8,A
4kb8,B
4kb8,C
4kb8,D
4kba,A
4kba,B
4kba,C
4kba,D
4kbc,A
4kbc,B
4kbk,A
4kbk,B
4kbk,C
4kbk,D
4kd1,A
4kgg,C
4kgg,D
4kgq,C
4kgq,D
4ki1,H
4kik,A
4kik,B
4kqe,A
4ks7,A
4ks8,A
4ky2,A
4ky2,B
4l1s,A
4l1s,B
4l1t,A
4l1t,B
4lg4,A
4lg4,B
4lg4,C
4lg4,E
4lg4,F
4lgd,A
4lmn,A
4lyn,A
4mas,A
4mas,B
4mne,A
4mne,D
4mne,E
4mne,H
4mob,A
4moc,A
4mrb,A
4mrb,B
4mrc,A
4mrc,B
4msp,A
4msp,B
4msv,B
4myg,A
4myg,B
4n85,A
4n85,B
4n86,A
4n86,B
4n87,A
4n87,B
4njd,A
4nm0,A
4nm3,A
4nm7,A
4nst,A
4nst,C
4nwu,H
4o0r,A
4o0v,A
4o0x,A
4o0y,A
4o38,A
4o38,B
4o64,A
4o64,B
4o64,C
4obo,A
4obo,B
4obp,A
4obp,B
4obq,A
4obq,B
4oel,B
4oem,B
4ogr,E
4otd,A
4otg,A
4oth,A
4oti,A
4p3f,B
4p90,B
4pdc,A
4pdc,B
4pdc,C
4pdc,D
4pf4,A
4pkd,B
4pm1,A
4pm1,B
4pme,A
4pme,B
4pmf,A
4pmf,B
4pte,A
4pte,B
4ptg,A
4ptg,B
4pvl,A
4pvl,B
4pvm,A
4pvm,B
4pvn,A
4pvn,B
4pwe,A
4pwe,B
4pwf,A
4pwf,B
4pwg,A
4pwg,B
4pwh,A
4pwh,B
4pwi,A
4pwi,B
4pwj,A
4pwj,B
4pwk,A
4pwk,B
4pz5,A
4q28,A
4q28,B
4q28,C
4q28,D
4q2y,B
4qib,A
4qq6,A
4qrf,A
4qrf,B
4qum,A
4qun,A
4qun,B
4qxe,A
4qxf,A
4qxf,B
4qxv,A
4qxv,B
4qya,A
4qya,B
4qzv,A
4r2a,A
4r2c,A
4r2d,A
4red,A
4red,B
4rew,A
4rgh,A
4rh5,A
4rh9,A
4rhg,A
4ri4,A
4ri4,B
4ri5,A
4ri5,B
4rj3,A
4rvt,A
4rvt,B
4s0g,A
4s0u,A
4s0u,B
4tkw,A
4tkw,B
4tl0,A
4tl4,A
4tl4,B
4tl5,A
4tl5,B
4tlk,A
4tlk,B
4tls,A
4tls,B
4tlt,A
4tlt,B
4tlu,A
4tlu,B
4tm9,A
4tm9,B
4tn6,A
4tn6,B
4tne,A
4tne,B
4tnf,A
4tnf,B
4tng,A
4tng,B
4tpt,A
4tpt,B
4tq8,A
4tq8,B
4tqh,A
4tqh,B
4tqi,A
4tqi,B
4tqp,A
4tqp,B
4tu7,A
4tu7,B
4tu8,A
4tu8,B
4tu9,A
4tu9,B
4tw9,A
4tw9,B
4twc,A
4twc,B
4txc,A
4u30,W
4u30,X
4u30,Y
4u30,Z
4u32,X
4u3y,A
4u3z,A
4u3z,B
4u40,A
4u40,B
4u41,A
4u41,B
4u42,A
4u43,A
4u43,B
4u44,A
4u44,B
4u45,A
4u45,B
4u7z,A
4u80,A
4u81,A
4u84,A
4u85,A
4u86,A
4uj1,A
4uj2,A
4uj9,A
4uja,A
4ujb,A
4un0,C
4usd,A
4usd,B
4use,A
4use,B
4uv0,A
4uyz,D
4wb5,A
4wb6,A
4wb6,B
4wb7,A
4wb7,B
4wb8,A
4wnj,A
4wnj,B
4wns,A
4wns,B
4wo0,A
4wo0,B
4wv5,A
4wv5,B
4wv7,A
4wv7,B
4x3v,A
4x3v,B
4x9j,A
4xbr,A
4xnw,A
4xnw,C
4y00,B
4y00,D
4y0f,A
4y0f,B
4y72,A
4y8d,A
4y8d,B
4y9b,A
4y9b,B
4y9c,A
4y9c,B
4y9e,A
4y9e,B
4y9f,A
4y9f,B
4y9g,A
4y9g,B
4yc3,A
4yc6,A
4yc6,C
4yc6,E
4yc6,G
4ydm,A
4ydm,B
4ydn,A
4ydn,B
4yno,A
4yo4,A
4yoe,A
4ypd,A
4yur,A
4yzs,A
4yzs,B
4z9o,B
4zaj,A
4zbk,B
4zc6,B
4zcg,B
4zhx,A
4zhx,C
4zji,A
4zji,B
4zji,D
4zjj,A
4zjj,B
4zk5,A
4zk5,B
4znx,A
4znx,B
4znx,C
4znx,D
4zp5,A
4zp5,B
4zrp,C
4zrp,D
4zrq,C
4zrq,D
4zsg,A
4zsj,A
4zsl,A
4zy4,A
4zy4,B
4zy5,A
4zy5,B
4zy6,A
4zy6,B
5a14,A
5a2q,S
5a6i,A
5a6n,A
5a6n,B
5a6o,A
5a6o,B
5aaz,A
5air,A
5ajq,A
5ajq,B
5aks,A
5aks,B
5akt,A
5akt,B
5akv,A
5akv,B
5al0,A
5al0,B
5al8,A
5al8,B
5and,A
5ane,A
5ang,A
5ani,A
5anj,A
5ank,A
5ano,A
5aq0,A
5aq0,B
5aut,A
5auu,A
5auv,A
5auw,A
5aux,A
5auy,A
5auz,A
5av0,A
5av1,A
5av2,A
5av3,A
5av4,A
5ax9,A
5ax9,C
5ayt,A
5ayt,B
5b3z,A
5b3z,B
5b3z,C
5b3z,D
5b4w,E
5b79,A
5bms,A
5boj,A
5boj,B
5bx6,A
5byy,A
5byz,A
5c67,C
5c67,E
5ce1,A
5cek,A
5cem,A
5clx,A
5clx,B
5cly,A
5cly,B
5clz,A
5clz,B
5cm1,A
5cm1,B
5cn3,A
5cn3,B
5cnh,A
5cnh,B
5cr1,A
5cr1,B
5cwz,A
5cwz,B
5cyi,A
5cyi,C
5d1j,A
5d1y,A
5d1y,B
5d7a,A
5d7a,B
5d7a,C
5de2,A
5de2,B
5dej,A
5dej,B
5dew,A
5dew,B
5dey,A
5dey,B
5dfp,A
5dh3,A
5dh3,B
5di1,A
5di1,B
5dkd,A
5dkd,B
5dwp,A
5dwp,B
5dwq,A
5dwq,B
5dwq,C
5dwq,D
5dx0,A
5dx0,B
5dx0,C
5dx0,D
5dx1,A
5dx1,B
5dx1,C
5dx1,D
5dx8,A
5dx8,B
5dx8,C
5dx8,D
5dxa,A
5dxa,B
5dxa,C
5dxa,D
5dxj,A
5dxj,B
5dxj,C
5dxj,D
5dzd,A
5dzd,B
5dzz,A
5e23,A
5e23,B
5e4a,A
5e4a,B
5e4o,A
5e4o,B
5e6m,B
5e80,A
5e80,B
5e8f,A
5e8f,C
5ea1,A
5ea1,B
5ea1,C
5efq,A
5efq,C
5egb,A
5eh2,E
5eh2,F
5ei9,E
5ei9,F
5ekn,A
5eko,A
5en1,A
5en3,A
5en3,B
5eu6,A
5ezp,A
5ezp,B
5ezp,C
5ezp,D
5ezp,E
5ezp,F
5ezp,G
5ezp,H
5ezv,C
5f2u,A
5f2u,B
5f94,A
5f94,B
5f95,A
5f95,B
5f98,A
5f98,C
5f98,G
5f98,K
5f9f,A
5f9f,C
5f9f,E
5f9f,G
5f9f,I
5f9f,K
5f9h,A
5f9h,C
5f9h,G
5f9h,I
5f9h,K
5flx,V
5fo2,A
5fo2,B
5fp5,A
5fp6,A
5fqd,C
5fqd,F
5fw6,A
5fw6,B
5fw7,A
5fw7,B
5fw8,A
5fw8,B
5gjj,A
5gl7,A
5goy,A
5gpy,A
5gvq,A
5h0v,A
5h0v,B
5h0v,C
5h0v,D
5h0w,A
5h0x,A
5h0x,B
5h0y,A
5h0z,A
5hcc,B
5hcd,B
5hce,B
5hjg,A
5hjg,B
5hln,A
5hln,B
5hlp,A
5hlp,B
5ho4,A
5hq0,A
5hvj,A
5hxb,A
5hxb,X
5i0b,A
5i3l,A
5i3l,B
5iei,A
5iev,A
5iex,A
5iey,A
5if1,A
5if1,C
5ih4,A
5ih5,A
5ih6,A
5ihh,A
5ihh,B
5im0,A
5im0,B
5ime,B
5in4,A
5in4,B
5in4,C
5in4,D
5in5,A
5in5,B
5in5,C
5in5,D
5ion,A
5irs,A
5ith,A
5iy6,Q
5iya,Q
5izf,A
5izj,A
5izj,B
5j5t,A
5j5x,A
5j95,A
5jbt,Y
5jid,A
5jid,B
5jim,A
5jim,B
5jiq,A
5jiq,B
5jpm,A
5jpm,D
5jpn,A
5jpx,A
5jq5,A
5jq8,A
5jtw,A
5k1j,A
5k1j,B
5k1n,A
5k1n,B
5k31,A
5k31,B
5k31,C
5k31,D
5k31,E
5k31,F
5k4j,A
5k5n,A
5k5n,B
5kbq,A
5kbq,B
5kbr,B
5kpk,A
5kpk,B
5kpl,A
5kpl,B
5kpm,A
5kpm,B
5kvy,A
5kvy,B
5kw1,A
5kw1,B
5kw6,A
5kw6,B
5kwq,A
5kwq,B
5l1z,A
5l2w,A
5l36,B
5l4f,A
5l4f,B
5l4i,A
5l4i,B
5l4j,A
5l4j,B
5l4m,A
5l4m,B
5l7k,A
5l7k,G
5lcw,Z
5lll,A
5lll,B
5llv,A
5llv,B
5llv,C
5llv,D
5lmk,A
5lmk,C
5lqf,A
5lqf,D
5lrx,A
5lrx,C
5lst,A
5luz,A
5luz,B
5lv0,B
5m3n,A
5m51,A
5m55,A
5m57,A
5mhq,A
5ml2,B
5ml3,B
5ml4,B
5ml6,B
5ml8,B
5mpl,A
5mqv,A
5mqv,B
5mqv,C
5mqv,D
5mqv,E
5mqv,F
5n14,A
5n23,A
5n47,B
5n47,D
5n47,F
5n5q,A
5n5q,B
5n62,A
5n62,B
5n7c,A
5n7c,B
5nal,B
5nev,A
5nev,C
5nfe,A
5nfe,B
5nfw,A
5nfw,B
5nhg,H
5nx1,C
5nx1,D
5nx3,C
5nxd,A
5nxd,B
5o3j,A
5o71,A
5o7i,A
5oa3,S
5okt,A
5okt,B
5okt,C
5okt,D
5oo0,A
5oo1,A
5oo3,A
5ool,3
5ool,X
5oom,3
5oom,X
5oq0,A
5osj,A
5osm,A
5owq,A
5owq,B
5owr,A
5oxs,C
5oy4,A
5oy4,B
5qgg,A
5qgh,A
5qgi,A
5qgj,A
5qgk,A
5qgl,A
5qgm,A
5qgn,A
5qgo,A
5qgp,A
5qgq,A
5qgr,A
5qgs,A
5qgt,A
5qgu,A
5qgv,A
5qgw,A
5qgx,A
5qgy,A
5qgz,A
5qh0,A
5qh1,A
5qh2,A
5qh3,A
5qh4,A
5qh5,A
5qh6,A
5qh7,A
5qh8,A
5qh9,A
5qha,A
5qhb,A
5qhc,A
5qhe,A
5qhf,A
5qhg,A
5qhh,A
5sv7,A
5sv7,B
5sv7,C
5sv7,D
5szb,A
5szc,A
5t31,A
5t31,B
5t3p,B
5t3p,C
5tar,B
5tb5,B
5tb5,D
5tnz,A
5to0,A
5to1,A
5ttr,A
5ttr,B
5ttr,C
5ttr,D
5ttr,E
5ttr,F
5ttr,G
5ttr,H
5tus,A
5tus,B
5tzl,A
5tzl,B
5u48,A
5u48,B
5u49,A
5u4a,A
5u4a,B
5u4b,A
5u4b,B
5u4c,A
5u4c,B
5u4d,A
5u4d,B
5u4e,A
5u4e,B
5u4f,A
5u4f,B
5u4g,A
5u4g,B
5u4x,A
5u4x,B
5u4x,C
5u4x,D
5u74,A
5uiw,A
6aar,A
6arj,A
6arj,B
6arj,C
6arj,D
6arv,A
6arv,B
6arv,C
6arv,D
6asb,C
6aui,A
6aui,B
6aui,C
6aui,D
6aui,E
6aui,F
6ayw,A
6ayw,B
6b16,A
6b16,B
6b1u,C
6b3e,A
6b3e,C
6b8j,A
6bny,A
6bod,A
6boe,A
6buu,B
6bxi,A
6bxi,B
6byr,A
6byr,C
6bys,A
6bys,C
6bys,E
6bys,G
6c4s,A
6c4s,B
6c6n,A
6c6n,B
6c6p,A
6c6p,B
6c6r,A
6c6r,B
6ckx,A
6ckx,C
6co4,A
6cq0,A
6cq4,A
6cq5,A
6cqd,A
6cqd,B
6cqe,A
6cqe,B
6cqf,A
6cwz,C
6d0w,A
6d0w,B
6d2l,A
6d2l,B
6d2l,C
6d2l,D
6d2l,E
6d2l,F
6d3k,A
6d3k,B
6d3k,C
6d3l,A
6d6q,B
6d6r,B
6dc0,A
6dcl,A
6dcx,D
6df5,A
6df8,A
6df9,A
6dfa,A
6dfb,A
6dfc,A
6dgf,A
6dvr,A
6dvr,B
6e6z,A
6e6z,B
6e70,A
6e70,B
6e71,A
6e71,B
6e72,A
6e72,B
6e73,A
6e73,B
6e74,A
6e74,B
6e75,A
6e75,B
6e76,A
6e76,B
6e77,A
6e77,B
6e78,A
6e78,B
6e93,A
6e94,A
6edf,A
6eim,A
6eim,B
6eoy,A
6eoy,B
6ep1,A
6ep1,B
6erf,C
6erf,E
6erf,G
6erg,A
6erg,D
6erh,A
6erh,C
6f0x,Z
6f1w,A
6f1w,B
6f26,A
6f26,B
6fd3,A
6fec,I
6fft,A
6fft,B
6fha,A
6fhb,A
6fl5,A
6fl5,D
6fl5,G
6fl5,J
6frx,A
6fwd,A
6fwd,B
6fwu,A
6fxu,A
6fxu,B
6fzl,A
6fzl,B
6fzv,A
6fzv,B
6fzv,C
6fzw,A
6fzw,B
6fzw,C
6g18,S
6g2h,B
6g5h,S
6g5h,V
6g5i,E
6g5i,S
6g6u,A
6g6u,B
6g73,B
6g73,C
6gbm,B
6gfi,C
6gfi,E
6gjo,A
6gjo,B
6gn1,A
6gn1,B
6gpj,A
6gpj,B
6gpj,C
6gpj,D
6gpk,A
6gpk,B
6gpk,C
6gpk,D
6gpl,B
6gpl,C
6gpl,D
6gpl,E
6gr7,A
6gr7,B
6grp,A
6grp,B
6gtt,A
6gu2,A
6gu3,A
6gu4,A
6gu6,A
6gu7,A
6gu7,C
6gu7,E
6gu7,G
6gub,A
6gub,C
6guc,A
6guc,C
6gue,A
6gue,C
6guf,A
6guf,C
6guh,A
6guk,A
6gva,A
6gzd,A
6gzm,A
6gzm,B
6h0f,C
6h0f,F
6h0f,I
6h0f,L
6h0g,C
6h0g,F
6h0u,A
6h0u,B
6h1e,B
6h25,B
6h2v,B
6h3c,E
6h3c,J
6h41,A
6h42,A
6h42,B
6h45,A
6h45,B
6h4h,A
6h4j,A
6h4j,B
6h6a,D
6h6a,G
6h6a,J
6heh,A
6hei,A
6hek,A
6hek,C
6hel,A
6hel,B
6hk3,B
6hk4,A
6hk4,B
6hk7,A
6hmp,B
6hmr,B
6hq9,A
6hr2,A
6hr2,E
6hxf,A
6hxf,B
6hxf,D
6i2y,A
6i2y,B
6i4t,A
6i4t,B
6i9r,3
6i9r,X
6ic5,C
6ic6,C
6ic7,C
6imx,A
6imx,B
6imy,A
6imy,B
6in4,A
6inl,A
6ipy,A
6ipz,Z
6iwd,A
6izq,A
6izq,B
6izq,D
6j1x,B
6jgm,A
6jpv,A
6jpv,B
6jvx,A
6k39,A
6k39,B
6kgb,A
6kgb,B
6ki6,A
6ki6,B
6kmh,A
6kmh,B
6kr4,A
6kr4,B
6kr4,C
6kr4,D
6kyv,B
6kyv,H
6l1r,A
6l3r,A
6l3r,E
6lkm,A
6lkm,B
6lqm,W
6lsr,W
6lss,W
6lth,R
6ltj,R
6lu8,W
6m5o,A
6me6,A
6mfo,A
6n2e,A
6n3l,A
6n3l,B
6n3n,A
6n3o,A
6nfy,A
6nfy,B
6nfz,A
6ng0,A
6ng0,B
6ng9,A
6ng9,B
6ngg,A
6ngg,B
6nig,A
6nig,B
6nig,C
6nig,D
6nih,A
6nih,B
6no7,A
6no7,C
6no7,E
6no7,G
6npz,B
6nt9,A
6nt9,B
6nu2,3
6nu2,X
6nu3,3
6nu3,X
6nzu,I
6nzu,J
6o33,A
6o34,A
6o5o,A
6o5o,B
6o8b,A
6o8b,B
6oi4,A
6oi4,B
6ole,p
6olf,p
6oli,p
6om0,p
6oqi,A
6ovf,A
6ovf,B
6p3w,A
6p3w,C
6pai,D
6paw,A
6paw,B
6paw,E
6paw,F
6pfl,A
6pk4,A
6pk4,B
6pk4,C
6pk4,D
6pxn,A
6pxn,B
6pxo,A
6pxo,B
6pxp,A
6pxp,B
6q0r,D
6q0v,D
6q0w,D
6q2i,A
6q3b,A
6q3c,A
6q3f,A
6q48,A
6q49,A
6q4a,A
6q4b,A
6q4c,A
6q4d,A
6q4e,A
6q4f,A
6q4g,A
6q4h,A
6q4i,A
6q4j,A
6q4k,A
6q94,A
6q94,B
6q94,D
6q94,E
6q94,F
6q94,H
6qf4,A
6qj7,A
6qmo,A
6qn4,A
6qp5,A
6r66,A
6r66,B
6r67,A
6r67,B
6r68,A
6r68,B
6r6i,A
6r6i,B
6r8i,A
6ra5,A
6ra7,A
6rcg,A
6rch,A
6rch,B
6rh5,A
6rij,A
6rij,C
6rn6,C
6rn7,C
6rn9,C
6rne,C
6rni,C
6rqj,B
6rsr,A
6rst,A
6rsu,A
6ru6,A
6ru6,B
6ru7,A
6ru7,B
6ru8,A
6ru8,B
6ru8,C
6ru8,D
6rvz,A
6rw0,A
7a09,k
7a2j,A
7a2j,B
7a2k,A
7a2k,B
7a2k,C
7a2k,D
7a2l,A
7a2l,B
7a2m,A
7a2m,B
7a2n,A
7a2n,B
7a2n,C
7a2n,D
7a2o,A
7a2p,A
7a2q,A
7a2r,A
7a2s,A
7a2t,A
7a2u,A
7a2v,A
7a2w,A
7a2x,A
7a2y,A
7a2z,A
7a5h,3
7a5h,X
7a5j,3
7a5j,X
7abs,A
7ack,A
7ack,C
7acu,A
7acu,B
7ad6,B
7ad7,B
7afs,A
7afu,A
7agi,A
7akg,A
7apj,A
7apv,A
7aty,A
7axz,A
7b0y,b
7b2m,A
7b2p,A
7b2q,A
7b6f,A
7b7s,A
7b7s,C
7b8w,A
7b8w,B
7b8w,C
7b8w,D
7bah,A
7bah,B
7bai,A
7bai,B
7bai,E
7bqu,B
7bqv,B
7ccu,A
7ccv,A
7ccw,A
7cga,B
7cga,C
7cga,D
7cmb,A
7cp3,A
7cp4,A
7cqd,A
7csx,A
7csz,A
7czt,H
7czt,I
7d58,L
7d59,L
7dt3,A
7dt3,B
7dt5,A
7dt5,B
7dt6,A
7dt6,B
7dt8,A
7dt8,B
7efj,A
7efx,A
7eg9,U
7ega,U
7egb,R
7egb,U
7ejq,A
7ejq,B
7ejr,A
7ejr,B
7ekv,A
7emf,0
7enj,0
7erh,A
7erh,B
7eri,A
7eri,B
7erj,A
7erj,B
7erk,A
7erk,B
7eyi,G
7eyi,H
7f0m,A
7f0m,B
7f0m,C
7f0m,D
7f5n,A
7f5n,B
7f5n,C
7f5o,A
7f5o,B
7f5o,C
7fai,A
7fai,B
7fai,C
7fai,D
7faj,A
7faj,B
7faj,C
7faj,D
7fi5,A
7fi5,B
7fi6,B
7fi7,A
7fi7,B
7fi8,A
7fi9,A
7fi9,B
7jhg,A
7jt9,A
7k28,P
7k29,P
7k2a,P
7k2b,P
7k2c,P
7k5i,E
7k5i,S
7kac,A
7kac,B
7kjs,A
7kl0,A
7kl0,B
7kl1,A
7kl1,B
7kl2,A
7kw7,C
7kxi,A
7l08,3
7l08,X
7l20,3
7l20,X
7l24,A
7l24,B
7l24,C
7l24,D
7l25,A
7l25,B
7l26,B
7l26,C
7l26,D
7la5,B
7lbc,B
7lbm,n
7lbm,Q
7ld9,B
7lps,C
7lps,F
7lps,I
7lps,L
7lsy,A
7lsy,J
7lt3,A
7lt3,J
7m0k,B
7m0k,C
7m0k,D
7m0l,B
7m0l,C
7m0l,D
7m0m,A
7m0m,B
7m2f,A
7m4m,A
7m4m,B
7m4n,A
7m4n,B
7m4o,A
7mc1,A
7mc3,A
7mh1,H
7mh1,J
7mh1,K
7mh1,L
7mif,C
7mif,G
7mif,H
7mif,I
7mih,A
7mih,B
7mih,C
7mih,E
7mii,A
7mii,B
7mii,C
7mii,E
7mk1,A
7mk1,B
7mkx,A
7mkx,C
7mny,B
7mny,D
7mny,F
7mny,H
7mny,J
7mny,L
7myj,A
7n3u,A
7n5s,A
7n5t,A
7n5u,A
7n5v,B
7nfc,G
7nj0,B
7nq4,A
7nrb,A
7nvq,A
7nvr,M
7nvs,M
7nvt,M
7nvu,M
7nvy,M
7nvz,M
7nw0,M
7nwj,A
7nxj,C
7nxk,A
7nxk,C
7nzy,A
7nzy,C
7nzy,D
7o06,C
7o06,D
7o0s,B
7o3b,G
7o3b,H
7o3b,I
7o9k,X
7o9m,X
7oai,A
7oai,C
7oai,D
7oaj,A
7oaj,B
7oaj,C
7oak,A
7oak,B
7oak,C
7oak,D
7oal,A
7oal,B
7oal,C
7oal,D
7ob9,B
7oba,I
7oba,N
7obb,B
7obb,I
7odr,X
7ods,3
7ods,X
7odt,3
7odt,X
7of0,3
7of0,X
7of2,3
7of2,X
7of3,3
7of3,X
7of4,3
7of4,X
7of5,3
7of5,X
7of6,3
7of6,X
7of7,3
7of7,X
7oi7,3
7oi7,V
7oi7,X
7oi8,3
7oi8,X
7oi9,3
7oi9,X
7oia,3
7oia,X
7oib,3
7oib,X
7oic,3
7oic,X
7oid,3
7oid,X
7oie,3
7oie,X
7ok7,G
7ok7,H
7ok7,I
7ok7,J
7ok7,K
7ok7,L
7okx,O
7oky,O
7onu,A
7onu,B
7onu,C
7onu,D
7op0,B
7ow1,A
7oxn,A
7oy5,A
7oy5,B
7p7f,A
7p7f,B
7p7f,C
7p7f,D
7p7g,A
7p7g,B
7p7h,A
7p7h,B
7p99,A
7pac,B
7pad,B
7pae,B
7pcv,A
7pcv,B
7pd3,3
7po4,3
7po4,X
7q33,A
7q7c,A
7q7d,A
7q7e,A
7q8a,A
7q8a,B
7q9l,A
7q9l,B
7q9n,A
7q9n,B
7q9o,A
7q9o,B
7qbd,C
7qbd,D
7qbe,B
7qbe,D
7qbf,C
7qbg,B
7qbg,D
7qc5,A
7qc5,B
7qds,A
7qgp,A
7qh6,3
7qh6,X
7qh7,3
7qh7,X
7qhg,A
7qhg,B
7qhl,A
7qhl,C
7qp6,o
7qp7,f
7qp7,K
7qp7,o
7qq6,A
7qq6,B
7qq6,C
7qq6,D
7qr9,A
7qr9,B
7qr9,C
7qr9,D
7qra,A
7qra,B
7qra,C
7qra,D
7qrb,A
7qrb,B
7qrb,C
7qrb,D
7que,A
7quf,A
7qwk,A
7qwk,B
7qwk,C
7qwk,D
7qwk,E
7qwk,F
7qwk,G
7qwk,H
7r4x,S
7r9l,A
7r9n,B
7r9p,B
7r9t,A
7ra5,A
7rbs,B
7rbs,D
7rbs,F
7rbs,H
7rbs,J
7rwf,A
7s46,A
7s47,A
7s48,A
7s4t,A
7s6p,C
7s7g,A
7s84,A
7s85,A
7s9x,A
7sa0,A
7siu,A
7su3,B
7sxh,A
7sxj,A
7t0p,A
7tab,A
7tha,A
7tha,B
7tnx,A
7tny,A
7to0,A
7to1,A
7txc,E
7u2z,A
7u2z,B
7u31,A
7u31,B
7u33,A
7u33,B
7u36,A
7u36,B
7u9i,A
7u9i,B
7uad,A
7ug1,A
7uhy,A
7uiq,A
7uiq,B
7uir,A
7uir,B
7uis,A
7ujp,A
7ujp,B
7ujq,A
7ujq,B
7ujr,A
7ujs,A
7ujt,A
7umo,A
7umo,B
7umo,C
7umo,D
7umo,E
7umo,F
7un3,B
7un3,C
7un6,B
7un6,C
7upm,A
7uw7,A
7uxi,A
7uy0,A
7uy0,B
7vba,B
7vba,L
7vbb,B
7vbb,L
7vbc,B
7vbc,L
7vdu,A
7vf3,C
7vg7,A
7vg7,B
7vhy,A
7vhy,B
7vhz,A
7vhz,B
7vi0,A
7vi0,B
7vpx,O
7vto,A
7w1m,H
7w2p,A
7w30,A
7w30,B
7w30,C
7w30,D
7w3r,A
7w3u,A
7w9q,A
7w9q,B
7w9r,A
7w9r,B
7wl6,A
7wl6,B
7wm3,A
7wm3,B
7wm3,C
7wm3,D
8a11,A
8a11,B
8a11,C
8a11,D
8a3d,i
8a43,I
8a43,N
8a5j,A
8a66,A
8a8m,B
8aau,L
8ag4,A
8ahg,A
8ahh,A
8ahi,A
8alz,A
8asc,A
8asc,E
8asc,K
8asc,O
8av1,B
8awi,A
8awi,B
8aww,A
8aww,B
8ayh,C
8b3k,A
8b3k,B
8b54,A
8b54,C
8b8n,A
8ba3,A
8ba4,A
8ba4,B
8bab,A
8bfm,A
8bfs,A
8bh3,T
8bhy,B
8bhy,T
8bju,A
8bnq,A
8bnq,B
8bot,G
8bu1,B
8bu1,E
8bu1,H
8bu2,B
8bu2,E
8bu2,H
8bu3,B
8bu3,E
8bu3,H
8bu4,B
8bu4,E
8bu4,H
8bu6,B
8bu6,E
8bu6,H
8bu7,B
8bu7,E
8bu7,H
8bu9,B
8bu9,E
8bu9,H
8bua,B
8bua,E
8bua,H
8bub,B
8bub,E
8bub,H
8buc,B
8buc,E
8buc,H
8bud,B
8bud,E
8bud,H
8bue,B
8bue,E
8bue,H
8buf,B
8buf,E
8buf,H
8bug,B
8bug,E
8bug,H
8buh,B
8buh,E
8buh,H
8bui,B
8bui,H
8buj,B
8buj,E
8buj,H
8buk,B
8buk,E
8buk,H
8bul,B
8bul,E
8bul,H
8bum,B
8bum,E
8bum,H
8bun,B
8bun,E
8bun,H
8buo,B
8buo,E
8buo,H
8bup,B
8bup,E
8bup,H
8buq,B
8buq,E
8buq,H
8bur,B
8bur,E
8bur,H
8bus,E
8bus,H
8but,B
8but,E
8but,H
8bvw,M
8bvw,W
8byq,M
8bz1,M
8c0a,A
8c85,A
8c85,B
8c86,A
8c86,B
8cdw,A
8cij,A
8cml,E
8coe,C
8cuc,E
8cuc,F
8cuc,G
8cuc,H
8cur,A
8d6c,A
8d6c,B
8d6d,B
8d6e,A
8d6e,B
8d6f,A
8d7m,A
8d7m,B
8d7n,A
8d7n,B
8d7o,A
8d7o,B
8d7p,A
8d7p,B
8d7z,C
8d80,C
8djc,A
8djc,B
8djd,A
8djd,B
8dje,A
8dje,B
8dvu,A
8dw5,A
8e2k,Z
8e3d,A
8e3d,B
8e3d,F
8e3e,A
8e3e,B
8e3e,F
8ea6,A
8ea6,B
8erd,A
8ern,A
8eza,A
8eza,J
8ezb,A
8ezb,J
8faz,D
8fe2,A
8fe2,B
8fe5,A
8fe5,B
8fec,A
8fec,B
8ff8,A
8ff8,B
8fh4,A
8fh4,B
8fh4,C
8fh4,D
8fjz,A
8fjz,B
8fjz,C
8fjz,D
8fjz,E
8fko,A
8fko,B
8fko,C
8fko,D
8fko,E
8fow,A
8fp0,A
8fp3,A
8fp5,A
8g1q,H
8g2i,A
8g66,C
8g66,F
8g7v,C
8gbj,D
8gn3,A
8gn3,B
8gn4,A
8gvv,A
8gwh,A
8gxe,A
8gxs,c
8gzc,A
8gzc,B
8h4r,A
8h6p,A
8h6t,A
8h9h,F
8h9h,G
8hej,A
8hej,B
8hfp,A
8hni,A
8hni,B
8hni,C
8hni,D
8hni,E
8hni,H
8hni,I
8hni,J
8hni,L
8hrz,M
8hrz,N
8hrz,O
8hrz,P
8hrz,Q
8hrz,R
8hrz,S
8hrz,T
8hrz,U
8hrz,V
8hrz,W
8hrz,X
8hy4,A
8hy4,B
8i00,A
8i00,B
8i0o,A
8i0o,B
8i0o,C
8i0o,D
8idt,W
8idy,W
8ie5,A
8ie6,A
8ie7,A
8ie8,A
8ig1,A
8ig1,B
8ii1,A
8ii1,B
8ii2,A
8ii2,B
8ii3,A
8ii3,B
8ii4,A
8ii4,B
8ine,W
8inf,W
8ity,L
8ity,V
8iue,I
8iue,V
8iuh,L
8iuh,V
9pai,B
